<?xml version='1.0' encoding='ISO-8859-1'  ?>
<!DOCTYPE index
  PUBLIC "-//Sun Microsystems Inc.//DTD JavaHelp Index Version 1.0//EN"
         "http://java.sun.com/products/javahelp/index_1_0.dtd">

<index version="1.0">

  <!-- Index item for Introduction -->
  <indexitem text="Introduction to Papa Slice" target="introduction" />

  <!-- Index items for Login and Reservation -->
  <indexitem text="Login">
    <indexitem text="Login to Papa Slice" target="login" />
  </indexitem>
  <indexitem text="Reservation">
    <indexitem text="End the Reservation" target="endTheReservation" />
  </indexitem>

  <!-- Index items for Browsing and Ordering -->
  <indexitem text="Browsing and Ordering">
    <indexitem text="Browse the Menu" target="browseMenu" />
    <indexitem text="Place an Order" target="placeAnOrder" />
    <indexitem text="Order Summary" target="orderSummary" />
    <indexitem text="Submit the Order" target="submitTheOrder" />
  </indexitem>

  <!-- Index items for Game and Prizes -->
  <indexitem text="Game and Prizes">
    <indexitem text="Play the Game" target="playGame" />
    <indexitem text="Prizes" target="prizes" />
  </indexitem>

  <!-- Index item for Help -->
  <indexitem text="Help and Support" target="helpAndSupport" />
   
</index>
