<?xml version='1.0' encoding='ISO-8859-1' ?>
<!DOCTYPE toc
  PUBLIC "-//Sun Microsystems Inc.//DTD JavaHelp TOC Version 1.0//EN"
         "http://java.sun.com/products/javahelp/toc_1_0.dtd">

<toc version="1.0">
  
  <!-- Introduction Section -->
  <tocitem text="Introduction" target="introduction"/>

  <!-- Login and Reservation Section -->
  <tocitem text="Login and Reservation">
    <tocitem text="Login to Papa Slice" target="login"/>
    <tocitem text="End the Reservation" target="endTheReservation"/>
  </tocitem>

  <!-- Browsing and Ordering Section -->
  <tocitem text="Browsing and Ordering">
    <tocitem text="Browse the Menu" target="browseMenu"/>
    <tocitem text="Place an Order" target="placeAnOrder"/>
    <tocitem text="Order Summary" target="orderSummary"/>
    <tocitem text="Submit the Order" target="submitTheOrder"/>
  </tocitem>

  <!-- Game and Prizes Section -->
  <tocitem text="Game and Prizes">
    <tocitem text="Play the Game" target="playGame"/>
    <tocitem text="Prizes" target="prizes"/>
  </tocitem>

  <!-- Help Section -->
  <tocitem text="Help and Support" target="helpAndSupport"/>
  
</toc>